{
    "ComboColor" : {
        "forceOverride" : true,
        "colors" : ["#4D9EB8", "#6161E6"]
    },
    "Slider" : {
        "sliderBorderWidth" : 5.2,
        "sliderFollowComboColor" : false,
        "sliderBorderColor" : "#5A5A46",
        "sliderBodyColor" : "#00050F",
        "sliderBodyBaseAlpha" : 0.5,
        "sliderHintColor" : "#808080",
        "sliderHintEnable": true,
        "sliderHintAlpha" : 0.3,
        "sliderHintWidth" : 3,
        "sliderHintShowMinLength" : 300
    },
    "Utils" : {
        "limitComboTextLength" : true,
        "disableKiai" : true
    },
    "Layout" : {
        "BackButton" : {
            "scaleWhenHold" : false
        },
        "ModsButton" : {
            "scale" : 0.7
        },
        "OptionsButton" : {
            "scale" : 0.7
        },
        "RandomButton" : {
            "scale" : 0.7
        }
    },
    "Color" : {
        "MenuItemSelectedTextColor" : "#FFB6C1",
        "MenuItemDefaultTextColor" : "#FFFFFF"
    }
}
